"Ängby,camp_site,53","336944,17",9025,,,,336944;17
"Ambre,caravan_site,54","7659527,17",5710868,,,,7659527;17
"Bąkow,camp_site,50","9646912,18",2789968,,,,9646912;18
"Baltic 78,caravan_site,54","1813643,15",5944818,,,,1813643;15
"Burczykas,camp_site,54","313889,18",266111,,,,313889;18
"Camp-Cup,camp_site,49","5788456,19",626007,,,,5788456;19
"Cest La Vie,camp_site,49","7191683,19",2105536,,,,7191683;19
"Christian,camp_site,53","868056,21",503611,,,,868056;21
"de Kroon,camp_site,52","3504247,15",3393145,,,,3504247;15
"Echo,camp_site,53","9675,21",776667,,,,9675;21
"Galindia,camp_site,53","7341961,21",5620513,,,,7341961;21
"Graf-Marina,camp_site,51","1925368,22",5287471,,,,1925368;22
"Harenda,camp_site,49","324167,19",985,,,,324167;19
"Kama,camp_site,53","844444,21",56,,,,844444;21
"Kaper,camp_site,54","7775282,18",4562213,,,,7775282;18
"Krakowianka,camp_site,50","0155172,19",9245287,,,,0155172;19
"Kruska,camp_site,53","703333,21",547222,,,,703333;21
"Legnickie Pole,camp_site,51","1422246,16",239993,,,,1422246;16
"Lido,camp_site,51","5123435,17",8482062,,,,5123435;17
"Lorsby,camp_site,53","84,21",2075,,,,84;21
"Malbork,camp_site,54","0473635,19",39976,,,,0473635;19
"Camping Morski,camp_site,54","5764071,16",8807074,,,,5764071;16
"Camping Morski II,camp_site,54","761944,17",538889,,,,761944;17
"Nr 159,camp_site,54","3418334,19",1179102,,,,3418334;19
"Camping nr 247,camp_site,53","903611,20",275,,,,903611;20
"Nr 30,camp_site,52","446944,16",788056,,,,446944;16
"Park Sonata,caravan_site,54","1469792,21",7477806,,,,1469792;21
"Piecki,camp_site,53","7801445,21",3363804,,,,7801445;21
"Pod Bukami,camp_site,50","9044789,16",8726,,,,9044789;16
"Pod Dębami,camp_site,52","0535231,23",5626252,,,,0535231;23
"Pomerania,camp_site,52","4975,18",138056,,,,4975;18
"Park 45,camp_site,54","4305289,18",5873047,,,,4305289;18
"Przymorze nr 48,caravan_site,54","7659554,17",5730121,,,,7659554;17
"Tamowa,camp_site,54","3203907,18",1182156,,,,3203907;18
"Folwark Łękuk - camping,camp_site,54","0542619,22",1395765,,,,0542619;22
"U Maślaka,camp_site,52","4647498,15",5036313,,,,4647498;15
"Głębokie,camp_site,52","490879,15",5438961,,,,490879;15
"Bledzew,camp_site,52","5132208,15",4429258,,,,5132208;15
"Leśn. Lisia Góra,camp_site,52","5734921,15",4319651,,,,5734921;15
"Ukiel,camp_site,53","7870951,20",3993263,,,,7870951;20
"Marina PTTK,camp_site,53","3957067,14",6367954,,,,3957067;14
"Na Szlaku Brdy,camp_site,53","2041004,17",9508356,,,,2041004;17
"Hufiec ZHP,camp_site,53","3733131,14",6344443,,,,3733131;14
Nad jeziorem Czaple," Kąpielowe,camp_site,54","1372327,16",3540881,,, Kąpielowe;camp_site;54
Nad jeziorem Czaple," Kąpielowe,camp_site,54","1372201,16",3524707,,, Kąpielowe;camp_site;54
"Kristýna,camp_site,50","8644801,14",8276841,,,,8644801;14
"Pod Amerykanem,camp_site,50","7009071,19",4289945,,,,7009071;19
"Pole namiotowe,camp_site,50","5769263,19",4785773,,,,5769263;19
"Tipisiedlum,camp_site,51","2919898,15",219526,,,,2919898;15
"Wito,camp_site,54","2070609,15",7302172,,,,2070609;15
"Biwak Osieczno,camp_site,53","0066625,15",9541998,,,,0066625;15
"Świderek,camp_site,52","8958997,16",150966,,,,8958997;16
"Morski,camp_site,54","2525488,16",214641,,,,2525488;16
"Pole namiotowe,camp_site,50","0809163,22",2456244,,,,0809163;22
"Camping Leśny,camp_site,51","81315,18",71425,,,,81315;18
"O.W. Diabla Góra,camp_site,49","61489,22",27559,,,,61489;22
"Camping,camp_site,53","43744,18",41639,,,,43744;18
"Pole namiotowe,camp_site,50","3309829,23",3605015,,,,3309829;23
"Pole namiotowe,camp_site,51","45062,19",97087,,,,45062;19
"Złatna Huta,camp_site,49","5130286,19",2211732,,,,5130286;19
"Habenda,camp_site,54","7616296,17",6549341,,,,7616296;17
"Marco Polo,camp_site,54","7554459,17",5513922,,,,7554459;17
"Rafael,camp_site,54","7573554,17",5466831,,,,7573554;17
"Camping nr 21 Morski,camp_site,54","7611057,17",5405252,,,,7611057;17
"Leśny,camp_site,54","7619423,17",5654415,,,,7619423;17
"Pole Namiotowe ""Nad Mokrym"""",camp_site,53,6906459,21,3986548
Hotel i restauracja Birkiem,camp_site,52,0584081,14,7729727
Camping Stogi,camp_site,54,3694793,18,7299401
Victorio Camp,camp_site,52,4617429,14,8696509
""Pole Biwakowe ""Pod Sosnami"""",camp_site,53,7973384,21,8744088
Baza Kula,camp_site,53,94528,21,7468366
pole biwakowe,camp_site,53,9704601,21,7645206
Bionika Przystań,camp_site,54,4228883,16,4019401
Oaza,camp_site,52,0428731,14,7768823
Topaz,camp_site,54,8110818,17,8373202
Island Camp,camp_site,53,5891291,16,0221525
Sosenki,caravan_site,49,5657703,22,2119532
Europa,caravan_site,49,9487053,18,3526396
""Camping ""Bałtyk"""",camp_site,54,8309181,18,3279953
Camping Frombork,camp_site,54,3590063,19,6955714
Kran,camp_site,49,7514726,19,2107712
u Wacka,camp_site,54,8277383,18,0933444
Słoneczne,camp_site,54,8290689,18,0868883
Camping Numer 180,camp_site,54,3456866,19,1131407
Pole namiotowe Ośrodka „Szansa”,camp_site,52,4010341,17,9457379
Nad Stawem,camp_site,54,0452285,19,0262738
Ośrodek Wczasowy Irena,camp_site,52,2171136,15,3957839
Pod Skałką,camp_site,50,5767951,19,4821339
Camping Rodzinny,camp_site,54,2630173,16,0726055
Binduga Młyńska,camp_site,53,6899478,21,7465674
Binduga Młyńska-Port,camp_site,53,6934665,21,7378309
Czapla,camp_site,54,076009,16,3942829
Raj Ośrodek Wypoczynkowy,camp_site,54,0727523,16,3911097
CAMP-ANA,camp_site,54,0719704,14,9869036
Holidays,caravan_site,54,6219581,16,9863593
Mistral,camp_site,54,6231039,16,9848783
Pole Namiotowe Capówka,camp_site,54,7968698,17,8389565
U Michała,camp_site,52,6925101,23,8309474
Camping Kralovec,camp_site,50,6768262,15,9688458
Pastewnik,camp_site,50,0611035,22,4835966
""Pole biwakowe ""Laguna"""",camp_site,50,2805961,22,5151672
Borowo,camp_site,54,543395,18,2642496
Caravaning Jurata,camp_site,54,6780873,18,7239761
ZHP Trzebinia,camp_site,54,5047037,16,4661698
Stellplatz Heideweg,caravan_site,51,5337014,14,7194937
Baza Biwakowa Popławy,camp_site,52,709146,21,1179994
Kozienickie Centrum Rekreacji i Sportu,camp_site,51,5958308,21,5398059
Pod Sosnami,camp_site,53,5752047,20,6047757
44-100 Camping Gliwice Czechowice,,camp_site,50,36016,18,6509258
U Rzepki,caravan_site,50,5447236,18,9817285
Rozbark,caravan_site,50,5468717,18,968812
wypożyczalnia kajaków Lipińskie Małe 4,camp_site,53,7361972,22,4040795
Za lasem,camp_site,52,7559471,15,7262661
Jałowce,camp_site,50,101704,21,4490407
Pole namiotowe Piaseczno,caravan_site,53,258907,19,7416635
Ośrodek Wypoczynkowy Abarex,caravan_site,52,3830391,15,8817559
Pole namiotowe BPN,camp_site,53,5501856,22,9019114
Pole namiotowe,camp_site,53,2000961,19,6458031
Łęg-pole namiotowe,camp_site,49,4586645,20,2131407
bernardynkaport,caravan_site,52,323823,18,3093653
bernardynkaport,camp_site,52,3238681,18,3084059
Biker Pub,camp_site,52,2792487,20,7545043
Ośrodek Wczasowy Wiele-Rogalewo,camp_site,53,9305584,17,8246916
eFKa Wiele,camp_site,53,9197172,17,8407343
Kamping Waldemar karbowski,camp_site,53,313242,19,5663621
HONORiS Okuninka,camp_site,51,4930876,23,5395148
Promyk,camp_site,52,3269891,15,2940466
Pole namiotowe Czumów,camp_site,50,7736077,23,9676106
Ośrodek Wypoczynkowy Grabniak,caravan_site,51,3765042,23,117155
Ośrodek Rehabilitacyjno-Wczasowy Astur,camp_site,51,4969973,23,5212305
Ośrodek Wypoczynkowy Wodnik,caravan_site,51,4969444,23,5472222
Camp Biała Góra,camp_site,49,5750686,22,204753
Camping nr 92,camp_site,50,9163327,16,1030286
Bursztynek,caravan_site,54,1615584,15,4922984
Biwak kajakowy nad Białą Nidą,camp_site,50,7718331,20,3944462
Baza Obozowa Ośrodka ZHP Buk,camp_site,52,3006918,16,6324621
Relax (PFCC nr 44),camp_site,53,9169673,14,2559959
Stanica ZHP Patyki,camp_site,51,4578762,19,2555427
pole namiotowe gospodarz,camp_site,53,6600134,21,3837934
Pole namiotowe,camp_site,53,6402809,21,8268899
Pole namiotowe,camp_site,49,8124286,20,6811656
Camping nr 232,camp_site,50,5679321,19,5357765
Wagabunda,camp_site,53,7948998,21,5649732
Baza namiotowa w Regetowie,camp_site,49,4692385,21,219948
Hottur,caravan_site,50,7872308,15,6950768
Harcerska Baza Obozowa ,,Morena'',camp_site,54,3678772,18,5907741
Pole namiotowe,camp_site,51,7265053,15,8385033
Przeczka,camp_site,53,7643892,21,6197765
Szałasiska,camp_site,49,2122109,20,0761123
Baza obozowa Hufca Warmińskiego ZHP,camp_site,53,5791329,20,597554
Pole Namiotowe U Rumcajsa,camp_site,50,8350316,15,4918598
Walne SPSS,camp_site,52,0011739,21,3958016
Rejestrator,camp_site,52,7445701,23,6064568
OW Świt,camp_site,54,32971,18,11217
Miejsce Biwakowania Czarnolesie,camp_site,52,9893927,15,9531667
Leśny Dwór,camp_site,50,5926455,16,580959
Gród Piasta,camp_site,52,764464,17,8303343
Borowinka,camp_site,54,57644,16,87771
czynne 24.06-31.10,camp_site,53,4287809,22,5334818
Otmuchów,camp_site,50,4789812,17,122037
Camping Zamek,camp_site,53,4042409,18,4576647
Lesna Cisza,camp_site,53,7990885,17,4429744
Family Camping,camp_site,49,3223217,19,985725
Wasserwanderrastplatz Czernica,camp_site,53,8388218,17,6387239
Ośrodek Sportu i Rekreacji Przechlewo,camp_site,53,7792957,17,2527201
FZZ Skerbersdorf,camp_site,51,5011921,14,8136228
Camping nr 36,camp_site,51,3184216,21,930258
Stanica harcerska,camp_site,53,1916144,16,1140573
Wronczynek,camp_site,52,5136224,17,1865382
Korol,camp_site,53,9324282,22,2881412
Camping nr 230,camp_site,50,4749965,17,281518
Fraszka,camp_site,54,002443,14,683749
Pole namiotowe Przystań Kowale,camp_site,52,6430392,16,8043734
Osada Młyńska,camp_site,52,1163077,20,3782012
Centrum Wypoczynku i Rekreacji Relax,camp_site,52,4372979,19,6669162
Ośrodek Wczasowy Dźwigar,camp_site,52,551187,21,1433424
""Ośrodek Usług Turystyczno-Wypoczynkowych ""Jazy"""",camp_site,49,7213303,19,6974633
Polana Sosny,camp_site,49,4079495,20,303665
PTTK Krutin,camp_site,53,6903732,21,4281104
Resort Piaseczno,camp_site,51,381745,23,0223285
Autocamp,camp_site,50,2704369,17,7159691
Biwak Barnimie,camp_site,53,1548278,15,8077351
Gieret,camp_site,54,0318735,23,3514306
Camping nr 148,camp_site,54,0760579,23,0817651
Ustronie,camp_site,52,1295717,16,1209634
Camping 140,camp_site,51,0419015,20,8427237
Moto-raj (PFCC nr 115),camp_site,50,9619603,20,5408511
Camping nr 257,camp_site,50,5203537,20,5164915
Złota Dolina,camp_site,50,2878745,17,458882
Goły Rożek,camp_site,53,6923318,21,5760546
Bikers Inn,camp_site,52,4240649,14,5407192
Przy Morzu,camp_site,54,071073,14,9741048
Leśniczówka Łękno,camp_site,52,1549125,17,1506882
Camping nr 169,camp_site,50,4149791,16,5138469
Agrocamp,camp_site,50,4090303,16,3816456
Centrum Dialogu i Modlitwy,caravan_site,50,0233891,19,198209
Camping Wrocław,camp_site,51,075781,17,0893541
Camping nr 271,camp_site,50,8495251,16,7435263
Camping nr 231,camp_site,50,832051,16,4881135
Korab,camp_site,54,0216581,14,7459552
Camping nr 243,camp_site,54,438738,16,3861478
Camping nr 275 Łebski Kemping,camp_site,54,7623845,17,536222
Camping AWF Poznań,caravan_site,54,2160533,15,7690991
Pole Biwakowe Rosnowo,camp_site,54,0703388,16,305563
Kemping Leśny,camp_site,54,0039202,17,9973838
Pole namiotowe Ostromęcko,camp_site,53,0133152,15,6385414
Ośrodek Wypoczynkowy Camping Tumiany,camp_site,53,8133572,20,795064
Seeblick,camp_site,53,9422202,21,3213126
Cezar,camp_site,53,8760136,21,3167705
Stella,camp_site,54,7603321,17,5562748
Ośrodek wypoczynkowy,camp_site,52,8189744,19,5937476
""Ośrodek Wypoczynkowy ""Karczma Nad Stawem"""",caravan_site,51,3506548,16,8319753
Kamping nad Narwią,caravan_site,52,5499229,21,0895984
""Baza Obozowa ""Czernica"""",camp_site,53,844543,17,6250627
Camping Site - Fischereihof Schneider,camp_site,52,5843498,14,6125147
Naturerlebnishof Uferloos,camp_site,52,6771584,14,4359476
miejsce biwakowania Kamienna,camp_site,53,0307721,15,943492
""Miejsce biwakowania ""Pstrąg"""",camp_site,53,0708904,15,9264613
""Przystań ""Pod Dębem"""",camp_site,52,8860212,15,9769393
Rybacka Chata,camp_site,53,2241522,15,9031887
Pole namiotowe,camp_site,53,2186573,15,9266391
Pole biwakowe,camp_site,53,1197133,15,8381254
Pole namiotowe R.Gawlas,camp_site,49,6982278,18,9016639
Pole namiotowe Kotarz,camp_site,49,7190864,18,9213822
Kalex,camp_site,54,2270876,17,6368563
Camping nad Liwcem,caravan_site,52,3994791,22,0064039
Pole biwakowe – Liwiec.com,camp_site,52,2586554,22,0905554
Camping nr 214,caravan_site,52,8540449,16,5312717
Brożane,camp_site,53,9262432,23,4356341
CAMPERCAMP,caravan_site,54,0338558,23,3729892
Ośrodek Wypoczynkowy ADA,camp_site,52,2145823,15,3854526
ZHP Zielona Góra,camp_site,52,2197254,15,3786718
pole Słoneczne,camp_site,52,2431045,15,3978515
St. Bruno,caravan_site,54,034678,21,7600993
Moczydło,camp_site,52,9073692,15,2739118
Zeltplatz für Radler von Mai bis Oktober,camp_site,51,4540553,14,9569791
miejsce biwakowania,camp_site,53,5305191,16,4887457
Camping Jarmak,camp_site,53,4882364,15,8643406
Rokiet,camp_site,53,0995478,15,8372829
Kołki,camp_site,53,0915383,15,8371568
Siedem Sosen,caravan_site,53,0795789,15,7871907
Baza namiotowa Gorc,camp_site,49,5578223,20,247379
Camper Park,camp_site,54,3700114,18,7312163
Dla Ciebie,caravan_site,54,2071859,15,7309516
Ośrodek Hufca ZHP Dąbrowa Górnicza,camp_site,50,730474,19,4445831
Camping U Potoka,camp_site,50,5266513,16,372151
""Ośrodek Wypoczynkowy ""PRODUS"""",caravan_site,51,2780315,16,945042
miejsce biwakowania,camp_site,53,1929253,15,2874846
biwak,camp_site,53,069633,15,7627514
Bugiel,caravan_site,54,2042413,15,7355442
Pod Lasem,camp_site,54,0669727,14,9644937
ST Miłośników Niesulic,camp_site,52,2187202,15,395774
u Stasia,camp_site,53,2852198,16,6887948
Stacja Nieborów,camp_site,52,0622205,20,0832748
Rybaczówka,camp_site,54,7023226,17,2463406
Chëcz Kaszubska PFCC 83,camp_site,54,8153591,17,9518108
Murzynka,camp_site,53,443478,15,9098582
Camping Stilo,camp_site,54,7824297,17,7425858
Królowa Woda,camp_site,53,8239747,22,9778428
Stacja Nieborów,camp_site,52,06374,20,0652575
Pole namiotowe Sepopol,camp_site,54,2683822,21,0059344
Bryza,camp_site,54,6583808,17,0504749
Nad Rozkosznym Stawem,camp_site,50,8343578,15,5106507
Kemping Pod Mostem,camp_site,50,8263168,15,5218163
CamperPark24,caravan_site,52,5803522,21,0684729
Baza Obozowa Chorągwi Zachodniopomorskiej,camp_site,54,0947024,15,1027008
Pole namiotowe,camp_site,54,1041013,15,1259383
Cora Camping,camp_site,54,101281,15,1076267
Pole namiotowe Rozlewisko,camp_site,53,2339098,15,7662
""Ośrodek Wypoczynkowy ""Pod sosnami"""",camp_site,53,3447815,19,4133043
Gołuchowski Ośrodek Turystyki i Sportu,camp_site,51,8408618,17,9395542
Letnik Camping,camp_site,52,388283,18,3250847
ZHP Świdnica w Niesulicach,camp_site,52,2185299,15,3823752
Dompol,camp_site,53,4410931,18,7320211
Stanica Hufca ZHP WSCHOWA w Lginiu,camp_site,51,8842743,16,2389669
Rumcajsowka,camp_site,49,3888945,20,8875039
Camp Oaza,camp_site,49,5166234,21,1333443
Campingplatz Kamminke,camp_site,53,8723851,14,1987533
NA CYPLU Pole Namiotowo Campingowe,camp_site,53,4498948,15,5571795
O.W. Drawa,camp_site,53,5859717,16,0301662
miejsce biwakowe,camp_site,53,8346207,16,7193668
Małe Morze,camp_site,54,7818349,18,4435644
Biwak Zdbice,camp_site,53,3777786,16,5336371
Hafen Kamminke,caravan_site,53,8675331,14,2045643
Modrzewiowe Ranczo,camp_site,50,68046,19,03381
Miejsce biwakowe,camp_site,53,7710449,16,8238193
Przystanek Lipińskie,camp_site,53,736136,22,4064884
Pole biwakowe,camp_site,52,5146473,15,7044403
Gasthof zum Hafen,camp_site,52,674118,14,4420904
Ośrodek wypoczynkowy i kamping Łabędź,camp_site,53,7245153,22,635383
Ostry Róg,camp_site,53,4632189,15,8890283
Miejsce biwakowe,camp_site,54,5268119,16,6065867
Leśna przystań,camp_site,50,9574385,19,8438964
Pole namiotowe,camp_site,50,8106772,19,1528591
Ośrodek Harcerski w Borowianach,camp_site,50,5510149,18,6428456
Leśna Polana,camp_site,50,1355489,22,7631151
Sirocco,camp_site,53,8671901,23,1312633
NECKO,camp_site,53,8620287,23,0012603
miejsce biwakowania,camp_site,54,0469798,16,961401
Camping Wisniowa Polana Milkow no 142,camp_site,50,8066986,15,7686956
pole Borów,camp_site,52,2284816,15,4199119
pole POM,camp_site,52,2343194,15,3986024
pole Pod Bukami,camp_site,52,2375394,15,399375
Na Wydmie,caravan_site,54,6678852,17,0533508
Miejsce Biwakowania Mierzęcin oddz.8a,camp_site,52,9690595,15,9116918
Miejsce Biwakowania Radzyń,camp_site,52,9767915,16,0665319
Miejsce biwakowania Czubajka,camp_site,53,5481198,15,9174629
Miejsce biwakowania Jezioro Pile,camp_site,53,6138334,16,4492552
Miejsce biwakowania Liszkowo,camp_site,53,5984668,16,4511915
Miejsce biwakowania Psie Głowy,camp_site,53,4897695,16,2669913
U Adama,camp_site,53,088425,16,066185
Pod Zamkiem,camp_site,50,61058,19,49937
PTTK Stanica Swoboda,camp_site,53,8664689,23,1312418
Świniucha,camp_site,53,8668587,23,1110217
PTTK Jałowy Róg,camp_site,53,9021113,23,4055015
Pole namiotowe nr 179,camp_site,54,3806639,19,4220773
Relaks,camp_site,54,8173862,17,955718
Bryza,camp_site,54,8176644,17,9556107
Józefów,camp_site,51,9184983,15,9577892
Stanica ZHP,camp_site,53,2904,16,2569
Pole namiotowe,camp_site,53,6441093,20,8662026
Stanica Wodna Nowa Brda,camp_site,53,8767124,17,2027381
miejsce biwakowania,camp_site,53,8772918,17,2029298
Stanica wodna Folbryk,camp_site,53,8404977,17,1924663
pole namiotowe,camp_site,53,9820215,17,6016911
Camping,camp_site,53,8172693,17,4879726
Stanica ZHP,camp_site,53,3524285,16,249502
Miejsce biwakowania,camp_site,52,942703,15,252229
Dom pod Ostrym Wierchem,camp_site,49,4418762,21,1377802
Stanica wodna Wilkowo,camp_site,53,962634,17,1414976
Cypel Pole Namiotowe,camp_site,53,8169004,21,3772837
Pole namiotowe,camp_site,50,8300484,15,9728175
Ośrodek Wypoczynkowy Szczutowo,camp_site,52,9540755,19,5776358
""Pole Biwakowe ""Łazy pod lasem"""",camp_site,54,3173785,16,2119122
Fajne Miejsce,camp_site,54,5395469,16,5402724
pole Kosobudz,camp_site,52,2379891,15,238414
Energetyk,camp_site,53,6620107,21,9241869
Dolina Biebrzy,camp_site,53,5284431,22,8432359
Pole Biwakowe Wrzosy,camp_site,53,3176833,16,6800344
Biwak Biala Kładka,camp_site,53,3417228,16,5732692
Agro Drawa,camp_site,52,9271534,15,9736648
Pole namiotowe Grzybek,camp_site,53,5843316,18,3045974
Pole namiotowe Trzebciny,camp_site,53,628966,18,1764581
Fsilkowo,camp_site,53,9684332,17,7749489
Pole Malinowskiego,camp_site,52,6115682,14,6865608
Star-Camp,camp_site,54,0990154,15,1160644
""Camping ""Wardak"" POLE NAMIOTOWE"",camp_site,53,7448885,21,2532541
""Camping ""Wardak"" POLE NAMIOTOWE"",caravan_site,53,7463676,21,2563618
miejscówka grill,camp_site,49,4984033,21,9037333
U Szwagra,camp_site,53,5414618,20,4202871
Agrokemping,caravan_site,53,8700911,17,5475024
kiersiny,camp_site,54,2895643,20,1093731
Powidzki Ośrodek Sportu i Rekreacji,caravan_site,52,4109885,17,9220277
Krępsko,camp_site,53,2599901,16,7819672
Relaks Pszczew,camp_site,52,4897018,15,7693289
Pod Lasem,camp_site,54,8192857,18,3143496
Park Magnolia,camp_site,51,9674082,15,003095
Pole namiotowe Binduga,camp_site,53,6512932,19,570521
Stanica Hufca ZHP TRZEBNICA w Lginiu,camp_site,51,8730763,16,2317811
Baza Harcerska ZHP Czerwonak,camp_site,50,8176633,15,5396902
Adam,camp_site,50,0466863,19,9030248
Pole namiotowe Rudnia,camp_site,52,948772,23,7682769
Pod Jesionem,camp_site,54,0537208,23,1970871
Biwak,camp_site,53,9619238,23,3108157
Mewa,caravan_site,54,3081474,16,198836
Kemp a koupaliště Červenka,camp_site,50,4011058,16,9961068
Plaża Czocha,camp_site,51,0324871,15,2927136
Intercamp '84,camp_site,54,7587676,17,5405277
Bila,caravan_site,53,9575774,21,7379055
Camping Mysliwska,camp_site,54,821201,17,9825918
Alfa Klif,caravan_site,54,2428608,15,8861543
Alfa Klif,camp_site,54,2438289,15,8854922
Gęsia Łączka,camp_site,53,58986,16,036411
Osada Turystyczna Czorsztyn,camp_site,49,4415332,20,2926181
Wymój Park,caravan_site,53,6652153,20,3774733
Bila,camp_site,53,956926,21,738414
Radlerhof Aurith,camp_site,52,2409748,14,7013258
Kokoszka,camp_site,53,8648871,21,5174127
Rydzowka,camp_site,54,2398944,21,5722642
Gościniec u Buckich - kemping,camp_site,51,0286048,15,3185575
Izery,camp_site,51,0289456,15,3102168
PTTK,camp_site,53,6791737,21,2513179
camping Osetno,camp_site,53,4155622,19,3178381
Zle Mieso,camp_site,53,8306211,18,1057783
Promyk,camp_site,53,6147988,18,272109
Pole namiotowe,camp_site,53,8048424,17,3518583
Pole namiotowe,camp_site,53,8051666,17,3501234
Pole namiotowe,camp_site,53,8140092,17,4101377
Stanica Wodna PTTK,camp_site,53,216043,15,7616135
Camping nr 64,caravan_site,53,3697403,16,5037013
Stanica harcerska w Białym Brzegu,caravan_site,51,0322894,19,8752919
Campingplatz Willa Zakopane,camp_site,49,3015956,19,9903412
""""Jawor"" Domki letniskowe"",camp_site,52,860917,19,3357759
Pole biwakowe nad Jeziorem Zelwa,camp_site,54,0240833,23,4107051
Pole biwakowe nad Jeziorem Pomorze,camp_site,54,0280389,23,4118873
U Prezesa,camp_site,49,2254167,22,6188522
Dzikie pole namiotowe,camp_site,49,3697516,22,4476502
Kokoszka,camp_site,53,8384667,17,4939278
Camper,caravan_site,50,0273028,19,1992497
Elcamp Stellplatz,caravan_site,50,0346068,19,8767468
Sagma 2,caravan_site,54,2117164,15,7355093
jezioro Głębokie,caravan_site,54,2276324,18,3148203
Robski Ognisko 1,camp_site,51,0307464,21,0244677
Bob,camp_site,51,0014887,21,037724
Parking tir,caravan_site,52,1723358,18,5698822
Eko-Land,camp_site,54,071012,16,2132848
Nad jeziorem Czarnym,camp_site,54,0977038,16,1819141
Camping NA GRANICY nr 125,camp_site,54,2620711,16,0739251
Camp9 nature Campground Poland,camp_site,50,4163499,18,8149581
pole namiotowe PPN,camp_site,51,4888676,23,1671436
Camping nr 220,camp_site,54,3204814,22,3374051
Mrówkoraj,camp_site,52,497031,18,1305171
Akwen Marina Czerwonak,camp_site,52,4652611,16,9774506
Barkowice Mokre,camp_site,51,4078589,19,8772365
PHU Stanica Wodna Ośrodek Sportowo - Turystyczny,caravan_site,53,7044055,21,3822778
Pole namiotowe,caravan_site,54,0622754,14,9425536
Camping Pielaka,camp_site,51,3313551,21,9586641
Pole namiotowe Wyderka,camp_site,51,4765539,23,0036041
Kamping,camp_site,54,3126159,22,9563612
Bar u Marka,caravan_site,51,1834128,23,7274705
Camping Hyża,camp_site,49,4706205,21,2951576
ROM-TUR pole namiotowe,camp_site,52,5198575,23,3507761
Pole wypoczynkowe,caravan_site,51,4454322,23,1219836
Behütum,camp_site,51,2934151,15,0195178
Camping Nr 31,camp_site,52,8416901,17,7246658
Uroczysko nad Rowem,camp_site,52,8186102,16,2632713
Teście,camp_site,52,2740438,20,45737
Rybakówka,camp_site,53,7700919,17,2190765
bobrowa,camp_site,51,928665,19,928567
Przystań w Gnojnie (OSiR Konstantynów),camp_site,52,274219,23,1479731
Mosir Camping,camp_site,53,1798292,22,0879011
""Agroturystyka ""Sośniaki"""",camp_site,53,4928943,22,7190425
Pole namiotowe Złoty Różek,camp_site,53,7262171,19,5926639
EkoMarina Siemiany,camp_site,53,7398058,19,5864709
Pole namiotowe Heep,camp_site,54,8164118,17,9656698
Ekolandia,camp_site,54,1096897,20,099506
Pole namiotowe,camp_site,53,8999474,23,2349869
Camping,caravan_site,53,8999222,23,234708
Pole Namiotowe,camp_site,54,2446558,22,7992048
Pole namiotowe,camp_site,53,2140329,22,5518004
Pole namiotowe,camp_site,53,2134723,22,5494562
Pole namiotowe,camp_site,54,186877,21,7669331
Pole namiotowe,camp_site,54,2797726,20,4923265
Pole namiotowe,camp_site,54,3207158,22,3385234
Camping Latarnik,camp_site,53,6984332,14,5442961
Kompleks rekreacyjno sportowy,camp_site,54,2181761,21,5771171
Port i pole namiotowe,camp_site,54,1764328,21,8102102
Ośrodek Wypoczynkowy Karina,camp_site,52,4945034,15,7469459
Ośrodek Wypoczynkowy Wodnik,camp_site,52,4874176,15,7600061
Ośrodek Wypoczynkowy Jeziorak,camp_site,52,4876017,15,7635014
Gospodarstwo Tęcza,camp_site,52,4581049,15,7832773
""Gospodarstwo ""Na Legach"""",camp_site,52,9016573,16,0744567
Baza namiotowa Jaworzyna,camp_site,49,5943759,19,4155998
Pole namiotowe nad Lemiętem,caravan_site,54,1584251,21,8231509
Miejsce biwakowania,camp_site,52,6088028,16,0004558
miejsce biwakowania,camp_site,53,3892476,15,4917612
Pole namiotowe,caravan_site,49,5608682,19,277099
Pole namiotowe. Chatka harcerska,caravan_site,49,6358069,19,3028149
SurfCamp Gardno,camp_site,54,6337259,17,1392287
miejsce biwakowania,camp_site,53,5932496,16,4800858
miejsce biwakowania,camp_site,53,5932408,16,483237
Kajlandia,camp_site,54,2323208,17,751531
Camping Binduga nr 69,camp_site,53,5508727,20,7965141
Binduga,caravan_site,53,6278555,21,5460355
Jędrkowa Przystań,camp_site,53,5250762,15,8027733
Jędrkowe Zakole,camp_site,53,4981513,15,811833
Pole namiotowe Rzęśnica,camp_site,53,5322551,15,944791
Pole namiotowe Rzepowo,camp_site,53,5892516,16,0982457
Pole namiotowe Złocieniec,camp_site,53,5390394,16,0128472
Camping Ciechocinek ***,camp_site,52,879954,18,7822838
Trzy sosny,camp_site,53,7110769,21,7086782
Domki nad rozlewiskiem,camp_site,53,8507159,15,2443805
miejsce biwakowania,camp_site,53,2083495,15,3187268
miejsce biwakowania,camp_site,53,1983584,15,2870929
Perła Sanu,camp_site,49,765067,22,6109478
Eden,caravan_site,49,7886362,19,2010091
Harcerska Baza Obozowa ZHP Bytom,camp_site,50,6118317,18,733358
Stanica Obozowa ZHP Piekary Śląskie,camp_site,50,6115993,18,7011863
Domki w lesie,camp_site,49,389058,21,0066848
Brawo,caravan_site,54,2567012,16,0537846
Camping Pod Żaglem StronaTrasa,camp_site,54,2503988,16,0639489
Jezioro Juchacz,camp_site,53,4410621,17,3683954
Marina Lubczyna,camp_site,53,5042241,14,7009309
Kemping Gruba Ryba,camp_site,53,649993,14,6212272
Stanica Leśna Wronczyn,camp_site,52,5085872,17,1997347
Pole namiotowe w Lubczy,camp_site,53,3498634,17,3671683
Ośrodek wczasowy Kormoran,caravan_site,52,2192945,15,3933647
Biwak Nad Zatoczką,camp_site,53,3434955,16,5703602
Koczowisko,camp_site,53,9100722,21,5103469
""O.W. ""Nad Obrą"""",camp_site,52,4566201,15,6215327
Prywatne pole namiotowe,camp_site,54,5728973,16,8600664
Sektor leśny,camp_site,53,9216231,14,4336148
Maya,camp_site,52,4652892,15,5017313
Ekoland,camp_site,53,5888867,16,0158054
Domki kempingowe Mewa,camp_site,54,2138931,15,7474706
Przystań nad jeziorem Białym,camp_site,54,0445019,17,9581754
Noclegi u Stacha,camp_site,53,2159532,23,7973393
LOK,camp_site,52,7719766,17,7609444
U Dolnych,camp_site,53,8508468,17,4347642
Agrotyrajscy,caravan_site,52,4964277,19,5054564
Pod Sosnami,caravan_site,53,6922521,20,0802114
Sielski Hel,camp_site,54,6019094,18,8130173
Kemping Hel,camp_site,54,6106562,18,7999853
Kamperplac,caravan_site,50,1551949,18,6881958
Pole namiotowe,camp_site,50,3820134,19,6410167
Kunice,camp_site,51,2180202,16,2667726
Kemp Tatry,camp_site,50,7885045,15,7039977
Korbielów,caravan_site,49,5710168,19,3374393
Stanica Wodna Kietlice nad Mamrami,caravan_site,54,1578123,21,657563
Szarejkowe Wzgorza,camp_site,54,1287359,22,4089241
Agrokeya Chorzępowo,camp_site,52,6386053,15,9975915
Astur,camp_site,51,4937789,23,5197946
Plusk,caravan_site,53,2194412,15,7726
Pole namiotowe ZHP Lubliniec,camp_site,50,593722,18,7095194
Katy 17,camp_site,49,7661704,20,5866841
Harcerska Baza Obozowa „Pilica”,camp_site,51,3241152,19,8997075
Małe Dolomity,camp_site,50,5842291,19,499804
Biwak Ranczo,caravan_site,50,3996514,22,9541065
Biwak Flisz,caravan_site,54,1071324,17,7151392
Pole namiotowe,camp_site,51,5064787,17,2045898
Camping Family Bronowice,camp_site,51,5548962,14,770681
Lena CamperPark,camp_site,51,5596172,14,7624224
Ośrodek wypoczynkowy Proszeczek,camp_site,54,2078265,15,7229545
Grabskie Sioło,caravan_site,52,0118896,20,2103276
Moderloch,camp_site,53,1098686,17,8412608
""Noclegi ""Kotwica"""",camp_site,54,6322033,18,5101755
U Julii,camp_site,49,8434418,22,5111033
Róża Wiatrów Camping nr 66,camp_site,54,4277931,16,3734688
Ośrodek szkoleniowo-wypoczynkowy ZHR,camp_site,53,5712097,20,4753079
Marigold,caravan_site,52,90127,14,4175763
Przystań Drawa,camp_site,52,9284107,15,9719919
Útulňa v Ruskom sedle,camp_site,49,1438965,22,3334337
Polaris,camp_site,54,7688426,18,4814313
Camping Przywidz,camp_site,54,1937937,18,3229726
Ranczo w Dolinie,camp_site,53,6320903,16,0137429
PTTK Stanica wodna,camp_site,53,3128671,19,4521461
""Ośrodek Wypoczynkowy ""Krecik"""",camp_site,51,0257639,18,9374259
Camping zum Teich,camp_site,54,1177463,21,7966152
AGRO Camping,camp_site,54,6411747,18,1311551
AGRO Camping,camp_site,54,6411747,18,1311551
""Private ""agrotourism"" camp site"",camp_site,50,9426407,21,1617519
Camping,camp_site,54,3514872,19,2238535
Family Camp nr. 2,camp_site,52,6118918,14,662814
Karpik,camp_site,53,318984,15,7819735
Pole Namiotowe Pszczółka Maja,camp_site,52,5519593,19,6605153
Zum Teich Naturtoristik,camp_site,54,1174538,21,7967417
Łowisko specjalne Gruba Rybka,camp_site,54,1048933,15,9377644
Jezioro Pyrzyckie,camp_site,53,1776584,15,1825703
Camp Nowe Guty 60,camp_site,53,779466,21,8641772
Kamp, przystań kajakowa Stare Króle,camp_site,50,4346352,22,7595437
Biwak Lednica,camp_site,52,5561256,17,3782409
Green farm Cottage Campsite,camp_site,51,9951664,16,9786788
Camping No. 9,camp_site,53,6873585,21,547676
Camping Bobolin,camp_site,54,395931,16,3445755
Kotwica Morska,camp_site,54,054356,14,923189
Ośrodek STER,camp_site,51,5023921,23,5441783
Emilex,camp_site,53,2322086,15,7541777
Osada,camp_site,54,0904192,15,0507633
Ginter Park,caravan_site,54,766295,17,5895738
Biwak,camp_site,53,4114016,15,8931657
Biwak,camp_site,53,2721911,15,7692359
Biwak,camp_site,53,2334768,15,7711336
Camping,camp_site,53,3145423,15,7742444
Sosenka,camp_site,51,99839919,20,22453162
Biały Dom,camp_site,54,03568486,14,802092
Clepardia,camp_site,50,09484717,19,94156065
Korona,camp_site,49,96342969,19,89070338
Leśna,camp_site,53,5986905,19,54841852
Dywity,camp_site,53,8325147,20,41880632
OSiR Racibórz,camp_site,50,09312889,18,26179976
Pole namiotowe,camp_site,50,46502329,18,90934034
""Ośrodek Wypoczynkowy ""Woświn"" - Halina Kwiatkowska"",caravan_site,53,5184238,15,44460102
""Pole Namiotowe ""BÓBR"""",camp_site,53,48256284,22,64540191
Camping Topola,camp_site,50,50702426,16,92161419
Am Dreiländereck,caravan_site,50,89419651,14,82219602
Pole kempingowe Aga,camp_site,54,80731935,18,36998069
Camping Maszoperia,camp_site,54,71520372,18,63327095
Rancho Oland,camp_site,54,81745821,18,34780725
ośrodek wypoczynkowy,camp_site,53,81946343,19,8230871
Baza Namiotowa Przysłóp Potócki,camp_site,49,4426214,19,04410084
Ondraszek,caravan_site,49,77981119,19,05393172
Kaszub,camp_site,54,82801271,18,07836821
""Pole namiotowe ""Leśne"""",camp_site,54,82885364,18,06918073
Camping rodzinny LAGUNA,camp_site,54,82837223,18,09092476
Ośrodek wypoczynkowy Brzeźnica,camp_site,50,51999653,18,71460833
Neiße-Camp,camp_site,51,3277297,14,98242017
OSiR,camp_site,54,58054035,16,87376738
9up,camp_site,50,87108018,15,87967951
OW Biały Bór,camp_site,53,90420076,16,83006895
Camping nr 24,camp_site,53,92151209,14,43461747
Camping Pomona,camp_site,54,09179735,15,06691639
Arturówek Dom Wycieczkowy,caravan_site,51,82387266,19,47204161
""Zajazd ""Majawa"" Camping 123"",camp_site,52,21344825,20,96455643
Stellplatz am Hafen,caravan_site,53,7396983,14,26988922
Mono Tennis Camp,caravan_site,50,4759213,22,48145377
Camping nr 61,camp_site,54,1530867,19,39398708
""Ośrodek Rekreacyjno-Wypoczynkowy ""Duet"""",camp_site,50,71987539,23,23909061
HELKAMP,camp_site,54,59945306,18,80644893
HELKAMP,caravan_site,54,5988441,18,80648373
Camping nr 62,camp_site,53,81605566,22,35365677
Pole namiotowe Brandysówka,camp_site,50,17241703,19,74092328
Pole namiotowe Hajstra,camp_site,49,45488527,21,53846205
Biały Grąd,camp_site,53,42881386,22,53361651
""Ośrodek Harcerski ""Wilczysko"""",camp_site,49,7613308,19,11560055
Wiatrow,camp_site,54,80601451,18,38483202
Alexa,camp_site,54,80863128,18,37574527
Pole namiotowe Błękitna Ostryga,camp_site,54,70379054,18,65953863
Campingplatz am Oderstrom,camp_site,53,24200963,14,42680331
Sokół,camp_site,53,69992172,19,94654069
Camping nr 69 ORLINEK,camp_site,54,34467752,18,87237771
Pole Namiotowe,camp_site,54,25176978,18,11650406
Camping Nr 71,camp_site,54,38025697,19,42436563
Pole namiotowe Gródek,camp_site,49,74882147,20,73106042
Pole Namiotowe,camp_site,49,53704244,19,23468429
Ośrodek Łukcze,camp_site,51,39882076,22,96968466
Łukcze,camp_site,51,3989386,22,97022867
Stanica Zamojskiego Hufca ZHP,camp_site,50,45847829,23,16666525
Camping Dłużek nr 135,camp_site,53,54157778,20,67502643
Arkadia,camp_site,54,52660225,16,52451889
Krystyna,camp_site,54,66433582,17,05933223
Kemping nr 19,camp_site,54,46170718,18,55555254
PG Camper Park,caravan_site,54,37188517,18,63016873
Eurocamping,caravan_site,54,09324409,22,91558536
Camping nr 183,camp_site,50,43338381,16,23128867
Stanica wodna PTTK w Nowym Moście,camp_site,53,73137323,21,51939431
Baza Pod Ponurą Małpą,caravan_site,50,82912818,15,54456179
Auto-Camping Park,camp_site,50,89582307,15,74256804
Camping Olza,caravan_site,49,7349657,18,62903679
Pole namiotowe,camp_site,51,10821562,20,35605146
Camping Tramp,camp_site,53,99699669,14,64901872
Ośrodek wypoczynkowy „Stepol”,camp_site,53,31135365,19,4578492
Relaks,camp_site,51,59490633,18,93888421
Camping Bartniki,camp_site,50,50969851,16,92577947
Wodnik,camp_site,54,24062428,15,86076355
Camping 215,caravan_site,50,24348597,19,04870569
PTTK Sorkwity,camp_site,53,8402142,21,14289736
Pole Biwakowe Niezapominajka,camp_site,49,75750923,22,28905497
Camping Wiking,camp_site,54,03480132,14,79962368
Ośrodek Przywodny Nierzym,camp_site,52,81634343,15,36654031
Stanica Wodna PTTK,camp_site,54,01451475,17,92220106
Tabor pod Krzywą,camp_site,50,87401275,15,86289314
Pole namiotowe Jarowiska,camp_site,49,70593061,18,90333737
""Ośrodek Wypoczynku Sobotnio-Niedzielnego ""Bartek"""",camp_site,49,72953544,18,81281635
Baza namiotowa Głuchaczki,camp_site,49,59697695,19,4321141
Camping OSW Borki nr 125 (nieczynny),camp_site,51,47579221,19,97719917
Na Cyplu,camp_site,53,64558883,19,57737895
""Pole Namiotowe ""Orłowa"""",camp_site,49,70274871,18,90298211
Agroturystyka,camp_site,52,27964591,22,06325655
Camping Ciechocinek ***,camp_site,52,88006539,18,78174453
Camping PTTK,camp_site,49,10822875,22,65116088
Baza namiotowa Polana Wały,camp_site,49,63919988,20,23761978
Mifam,camp_site,54,66168999,17,04011489
Pod Krokwią,camp_site,49,28304228,19,96757364
Borowinka - Kompleks wypoczynkowo-rekreacyjny,caravan_site,54,57702841,16,87741774
CAMPERCAMP,caravan_site,54,03426955,23,3728231
Domki letniskowe,camp_site,50,12979201,19,2164546
Marina Domki Letniskowe,caravan_site,54,50735193,16,47400706
Zasmir Domki Letniskowe,caravan_site,54,50775198,16,47202325
Sportowy,caravan_site,50,8559822,16,31622189
Camping,camp_site,54,58632418,16,87444868
Pole namiotowe,camp_site,50,6418255,16,4706097
Camping AWS-AZS,camp_site,51,11592431,17,09146151
Camping Malta,camp_site,52,40348975,16,98310251
Baza Namiotowa na Hali Górowej,camp_site,49,54994494,19,30744697
Baza namiotowa na Lubaniu,camp_site,49,48819899,20,34068624
""Pole biwakowe ""Boberek"""",camp_site,53,84386889,18,35702766
""Polana rekreacyjna ""Roztoka"""",camp_site,52,30665301,20,61188154
Baza namiotowa Madejowe Łoże,camp_site,49,55878845,19,72965655
""Baza namiotowa Jaworki ""Pod Wysoką"""",camp_site,49,38905528,20,55703159
""Baza namiotowa Muszyna ""Złockie"""",camp_site,49,37038391,20,9007607
Baza namiotowa w Zyndranowej,camp_site,49,41468617,21,73552088
Baza namiotowa w Radocynie,camp_site,49,46605357,21,37291705
Baza namiotowa w Wisłoczku,camp_site,49,51249004,21,88279987
""Studencka Baza Namiotowa ""Rabe"""",camp_site,49,28068324,22,20629675
Baza namiotowa Łopienka,camp_site,49,25527176,22,36295276
""Camping ""Pod Topolą"""",caravan_site,51,30437991,16,90963963
Camping Meridian,camp_site,54,20608055,15,71828102
Kemping Solina-Jawor,caravan_site,49,39243146,22,46008923
Wigwam,camp_site,52,45005413,17,1641053
Tramp,camp_site,52,99960745,18,60673611
Pole Biwakowe Nr 179,caravan_site,54,38042536,19,42021496
""Harcerska Baza Obozowa ""Nasiczne"" ZHP"",camp_site,49,17429337,22,60032191
Camp,camp_site,53,7470575,17,78540403
Wok,camp_site,52,17799106,21,14756348
BoraCamp,camp_site,53,90714113,23,21833145
Borowo,camp_site,54,02206496,21,80665355
Jawornik,camp_site,51,04529022,16,17772446
Jastrzęby,camp_site,54,0173287,23,13190484
Pole kempingowe Aga,camp_site,54,80666593,18,36984874
Ośrodek Wypoczynkowo-Żeglarski RAFA-JEZIORSKO,camp_site,51,85234434,18,67425172
Ośrodek Obozowy Hufca ZHP Katowice,camp_site,54,40280798,19,51310083
Camping Elixir,camp_site,54,03676196,21,69888776
Szekla,camp_site,53,98624207,21,7624987
Energetyk,camp_site,54,65871394,17,04109854
Camping Portowy,camp_site,54,14025691,15,28647598
Camping Rega 193,camp_site,54,14066025,15,30710673
Park Sonata,camp_site,54,14513055,21,75244122
""Pole namiotowe ""u Gienia"""",camp_site,54,24414088,15,89453952
Kemp Arek,camp_site,54,24443577,15,89979541
Wagabunda,camp_site,54,66379247,17,05784857
Ośrodek Obozów Harcerskich Hufca ZHP Sosnowiec w Kobylicy,camp_site,50,35829203,19,62443903
Słowińska Perła,camp_site,54,66529888,17,0480496
Przymorze,camp_site,54,6595134,17,04943832
Hotelik,camp_site,49,21185824,22,66828371
Stanica ZHP Hufca Sosnowiec w Dwerniczku,camp_site,49,21118603,22,66806367
Ośrodek Obozów HArcerskich Hufca ZHP Sosnowiec w Centurii,camp_site,50,40815825,19,48412348
Camping nr 247,camp_site,53,90325389,20,02688632
Letnia Baza Namiotowa PTTK w Mościcach,camp_site,52,67559113,14,80515657
Agroturystyka Paradise,camp_site,53,74031553,17,51168005
Pole namiotowe,camp_site,51,51858053,23,0267912
Camping Lossanna,camp_site,50,4448331,16,65260825
Ośrodek Warszawskiego Pałacu Młodzieży w Pieczarkach,camp_site,54,10890243,21,77605115
Zameczek,camp_site,53,7337151,21,77285633
Dom nad Czarna Hańcza,camp_site,54,01065543,23,23336749
Ośrodek Wypoczynkowy Energetyk,camp_site,53,66227825,21,92427116
Ośrodek Wypoczynkowy Wodnik,camp_site,53,66112407,21,92264264
Harcerski Ośrodek Wypoczynkowy KUCOBY,camp_site,50,87614285,18,59246782
Camping Marina,camp_site,52,40920558,15,12639745
""Pole namiotowe ""Aquarius"""",camp_site,54,2439935,15,89369886
""KMG ""Jarząbek"""",camp_site,49,83938684,18,77403878
Ośrodek konferencyjno-wypoczynkowy h2o,camp_site,49,83758308,18,78093899
River-Park,camp_site,49,98814218,19,44892892
Ośrodek Wczasowy FILARÓWKA sp.j.,camp_site,54,76274441,17,57101991
Werner,camp_site,54,48237421,16,50493516
Ośrodek Wypoczynkowy ADA,caravan_site,52,21472729,15,38554193
Małe Miasto,camp_site,52,06901087,17,34287802
Pole Kempingowe Przy Plaży,camp_site,54,3959968,16,34442805
Pod Cyprysami,camp_site,54,70865269,18,65248186
Pole namiotowe Grzędy,camp_site,53,6312286,22,77638647
Miejsce biwakowania Jezioro Rakowo,camp_site,53,6114467,16,37667513
Sówka,camp_site,53,16245599,15,91077009
Pod Lipami Kemping,camp_site,50,78042067,15,76224936
""Ośrodek wypoczynkowy ""OLZA"""",camp_site,49,96263027,18,3302192
Pole namiotowe Laska,camp_site,53,93281765,17,52593452
Camping Nr 87,camp_site,49,61945932,20,71582707
Camping Browarny,camp_site,50,6799865,21,75383109
Domki campingowe,camp_site,50,80925889,19,15547618
Duet,camp_site,54,08987174,15,07116611
Camping nr 178 Kalina,camp_site,54,34186764,19,03367441
Drapacz,camp_site,53,56641404,21,53751356
Stare Dworzysko,camp_site,50,08281396,19,49918348
Pole namiotowe,camp_site,49,58162243,20,64357011
""Pole biwakowe ""Nad Zalewem"""",camp_site,50,12676925,19,21565488
Camping Drzewicz,camp_site,53,85309755,17,57785219
Bindużka,camp_site,54,02756403,23,2178954
Oleńka,camp_site,50,81151648,19,08977718
Camping Pod Lasem,camp_site,50,93206523,16,11632031
Kamping Tramp,camp_site,49,20813143,22,32910767
Stanica wodna PTTK Swornegacie,camp_site,53,87313493,17,50509771
pole namiotowe przy leśniczówce w Mylofie,camp_site,53,77450873,17,71270154
Gołąbek II,camp_site,53,61395711,17,95002326
Świt,camp_site,53,54188212,17,8851504
Stanica wodna PTTK Gostycyn-Nogawica,camp_site,53,47939301,17,88903149
Binduga Lasek,camp_site,53,54566232,21,6065641
U Basi,camp_site,53,57802919,21,66563072
Sopot 34,camp_site,54,43451292,18,58133153
Pole biwakowe Zielonka,camp_site,53,65711955,17,92777484
Camping MOLO,caravan_site,49,94734359,19,27310669
Camping Smok nr46,camp_site,50,04738913,19,88037054
Pod Jabłoniami,camp_site,50,02278131,20,98648284
camping,caravan_site,50,75657595,18,073835
camping,caravan_site,50,75861557,18,07257299
camping,caravan_site,50,75436294,18,07371195
Ośrodek Wypoczynkowy Wagabunda,camp_site,53,79543575,21,56381991
miejsce biwakowania,camp_site,53,2824781,15,83045032
Wodna,camp_site,53,71967423,21,67887105
Camping Pietrowice Głubczyckie nr 240,camp_site,50,13670972,17,68837144
OSiR,camp_site,53,24852818,14,4830777
Łukomie,camp_site,53,72920965,17,50806656
Balticus,camp_site,54,53432886,16,54877157
Kemping Agat,camp_site,51,1019328,15,55314201
Pole Namiotowe Teresa Matuszak,camp_site,54,32253103,19,53030063
Przy OSP,camp_site,49,39352366,20,40668148
Dawny ośrodek Marynarki Wojennej,camp_site,53,60091146,18,27701964
Stanica Wodna PTTK w Tleniu,camp_site,53,60296597,18,28107839
Polana Sosny,camp_site,49,40448028,20,33436163
Kemping, pole namiotowe,camp_site,51,44430765,23,2396872
Nad Wigrami,camp_site,54,02262772,22,99290285
U Jawora,camp_site,54,01938385,23,01971661
WIDOK,camp_site,54,00100363,23,08242167
u Haliny,camp_site,54,06975956,23,0845418
Łukowy Kąt,camp_site,54,07683577,23,07467762
Sunny Camp,camp_site,54,11355733,21,77615412
Camping Berszowisko,camp_site,54,82785486,18,09467601
Camping Nowe Warpno,caravan_site,53,72037275,14,29552563
Camping Wajk,camp_site,53,57854202,16,14715573
Pole Kempingowe Areoklubu Ostrowskiego,camp_site,51,69769693,17,84806253
Ostoja Stara Baśń,camp_site,53,82971583,21,38317678
Universal Camping,caravan_site,54,3082693,16,19709625
Zakątek,camp_site,54,53628089,16,53334346
Camping 88 Biała Mewa,camp_site,54,16046046,15,42544439
Bieszczadzka Przystań Motocyklowa,camp_site,49,30611387,22,67255967
ZHP Obóz Wypoczynkowy,camp_site,54,29322763,16,16785816
Camp Ada,caravan_site,54,27001008,16,09079866
Majka Pole Campingowe,caravan_site,54,2693936,16,09181876
Harcerska Baza Obozowa  Siemiany,camp_site,53,71938447,19,59464149
Obszar obozowania HBO Siemiany Hufca ZHP Kwidzyn,camp_site,53,71711271,19,5962593
""Camping ""Pod Świerkami"""",camp_site,53,84513655,18,09104691
Baltic 78,camp_site,54,18181305,15,59493841
Moto Camping,camp_site,52,28665484,20,27720987
Port Jachtowy Kazimierskiego Towarzystwa Wiślanego,camp_site,51,32314276,21,94178278
Stare Sioło,camp_site,49,16505194,22,45499704
Harcerska Baza Obozowa w Rajcu Poduchownym,camp_site,51,43202853,21,26664492
Ośrodek Sportów Wodnych MORiS,camp_site,49,9658792,18,88844388
Harcerski Ośrodek Wypoczynkowy,camp_site,53,41558395,17,89613496
Ośrodek Wypoczynkowy Kadzionka,camp_site,53,38501215,17,87915166
Zacisze,camp_site,49,35761667,22,42425719
Ośrodek Wypoczynkowy Kręgiel,camp_site,53,35438554,18,00924561
Sagma 2,camp_site,54,21164442,15,73589823
Wito,caravan_site,54,20711264,15,73012685
""Ekologiczna wioska dziecięca ""Zaroślak"""",camp_site,53,67686074,18,120586
""Camping Przystań Bydgoszcz ""Zimne Wody"""",camp_site,53,11797785,18,09931799
Pole Namiotowe,camp_site,49,75550708,20,73558316
Zielony biwak nad jeziorem Hajka,camp_site,54,06675959,16,20856172
Reception Eurocamping - camper entry,caravan_site,54,0935348,22,91456854
""Camping ""Hyża"""",caravan_site,49,47069162,21,29563918
kajaki-kaszuby.pl,camp_site,53,86706188,17,50609347
Drymak,camp_site,49,47274736,21,71318031
Wysoki Brzeg,camp_site,52,48539861,15,44687351
Autokemping Štátne lesy TANAPu - Červený Kláštor,camp_site,49,40107839,20,41620217
""Stanica wędkarska ""Rybakówka"""",camp_site,50,79961165,23,04361825
Leśna Chatka,camp_site,54,21994941,21,58589406
Nowa Korytnica,caravan_site,53,20808951,15,97204837
Nowa Korytnica,camp_site,53,20846586,15,97210936
Bogdanka,camp_site,53,14566997,15,87465317
Camp 66,camp_site,50,79359038,15,76953962
Camping Wolfsschanze,camp_site,54,07978893,21,49507792
Camping Gutkovo Allenstein,camp_site,53,78691253,20,40150355
Nad rzeką Wieprz,camp_site,50,6301222,22,94819965
""Ośrodek Wypoczynkowy ""Ranczo"""",camp_site,50,60337145,23,00898516
Pole biwakowe,camp_site,54,06254914,21,91006883
Pole namiotowe Flosek,camp_site,53,742671,21,57428814
Pole biwakowe w Okartowie,camp_site,53,80334607,21,85841802
""Pole Namiotowo-Biwakowe ""Grzybek"""",camp_site,49,50727768,21,51204779
Pod Złotą Rybką,camp_site,53,9555688,17,91652796
Camping Zamek,camp_site,53,404321,18,45759371
Pole biwakowe Pod Sosnami nad jeziorem Gim,camp_site,53,57715989,20,60367154
Patelnia,camp_site,49,36790005,22,43623981
Pod Dębowcem,camp_site,49,78178914,19,02198443
Mały Lasek,camp_site,53,54772695,21,61933512
Królewska Sosna,camp_site,53,79127132,21,17034074
Pole Kempingowe, Pole Namiotowe,camp_site,50,68145648,16,58902394
Harcerska Baza Obozowa „Cedron”,camp_site,54,59712135,18,22618357
Iłki Pole Kampingowe,camp_site,51,47379547,19,96750233
Western Camp,camp_site,49,99699591,19,42951829
Leśne Duchy,camp_site,50,60801268,22,99025003
Kemping nad Odrą,caravan_site,52,84544386,14,12779524
Miejsce biwakowania,camp_site,52,58765359,15,82867838
Camping Dunajec,camp_site,49,39064614,20,39748454
Pole biwakowe w Widnie,camp_site,53,93275471,17,5451812
Camping nr 121,camp_site,51,89668249,15,56423617
Marina Grudziądz,caravan_site,53,48443299,18,7443469
OW Na Plaży,camp_site,53,90565945,16,82862261
""Pole biwakowe ""Kawka"""",camp_site,54,19018056,16,89296961
""Pole biwakowe ""Mnich"""",camp_site,54,15568769,16,97501685
Pole Namiotowe Cypel,camp_site,49,44804672,20,42529248
Baza namiotowa w Regetowie,camp_site,49,4692086,21,21999013
Baza namiotowa Gorc,camp_site,49,55772131,20,24736606
Ośrodek Obozowo - Biwakowy hufca Ruda Śląska w Kuźnicy Brzeźnickiej,camp_site,51,02616112,19,10665981
Sosenka,camp_site,51,90914419,16,00220024
Camping Czaplinek,camp_site,53,57027852,16,2305039
Harcerska baza obozowa Hufca ZHP Łódź - Górna,camp_site,54,51838872,16,50984004
Harcerska baza obozowa hufca Węgorzewo,camp_site,54,13389816,21,93847707
Pole biwakowe u Jana,camp_site,54,13137888,21,94317057
Harcerska baza obozowa hufca Węgorzewo,camp_site,54,13222419,21,94903059
Jonidło,camp_site,49,64003261,18,87875134
""Płatne Pole Biwakowe ""Coutry Dudek"""",camp_site,52,86457873,14,42244432
Pole Namiotowe Jastarnia,camp_site,54,69829184,18,68273465
Agroturystyka Kosa,camp_site,53,63104053,15,86246775
Baza kajakowa Kawczyn,camp_site,54,07754212,16,88644334
Ośrodek Wypoczynkowy PRL,camp_site,53,58803883,16,53327575
Generalskie Pole Namiotowe,camp_site,53,59042001,16,54108449
Kemping przy jeziorze,camp_site,53,59046523,16,52868932
Jaskółka,camp_site,51,04129362,15,63798938
Jaskółka,camp_site,51,04132889,15,63529999
Kamping Czarne,camp_site,53,84378007,18,24188925
Biwak nad Jeziorem Kiedrowickim,camp_site,53,99877558,17,43371364
Stanica Harcerska ZHP w Drężnie,camp_site,53,86267664,16,70997117
Kemping Leśny,camp_site,53,79294383,16,68467413
Miejsce biwakowania „Drawnik”,camp_site,53,2033689,15,76235581
Nr 49,camp_site,53,67142267,17,80030711
Stary Tartak,camp_site,53,56218908,17,89945154
Kemping nr 210,camp_site,51,16007787,14,99957811
Klif,camp_site,54,07963127,15,00338228
Leśne pole biwakowe,camp_site,52,65215949,16,12221322
ZHP Jeleniec,camp_site,52,6954439,16,07112381
Pole Biwakowe Zborowo,camp_site,52,37457765,16,62592275
""Harcerska Baza Obozowa ""Winiec"""",camp_site,53,80063056,19,84156609
Pole biwakowe,camp_site,53,76563277,16,8368061
Miejsce biwakowania Zatoka,camp_site,53,56206097,16,40229603
Camping Zalewy Nadarzyckie,camp_site,53,48266804,16,49227057
Kemping nad Pilicą,camp_site,51,77944802,21,18735305
Nr 159,caravan_site,54,34148958,19,1189928
Nr 180,caravan_site,54,34529161,19,11278887
Rózą Wiatrów Camping nr 66,camp_site,54,42760116,16,37396861
Pole biwakowe Łódź,camp_site,53,89314285,23,35335385
Grajkowo,caravan_site,54,21172028,15,76022629
Camping Pod Brzozami,camp_site,54,21374297,15,75933613
Sandra,camp_site,54,21402027,15,76297738
Ośrodek Wczasowy UNIWERBUD,camp_site,53,3771985,16,50107454
PTTK Spychowo,camp_site,53,60877863,21,34396132
Marina Puławy,camp_site,51,41411777,21,95148544
Camping Lancut,camp_site,50,07087828,22,25431462
Miejsce biwakowania „Sitnica”,camp_site,53,10213262,15,91982374
Baza Hufca ZHP Łódź-Polesie w Strużnicy,camp_site,50,82609636,15,88645902
Kemping Inter Nos,camp_site,53,45618294,15,91892996
Stary Młyn,camp_site,54,41782976,17,41880271
Stary Młyn,camp_site,54,41707478,17,41908139
Pole namiotowe nadleśnistwa,camp_site,54,41838779,17,41700825
Kemping i plaża Konin,camp_site,52,47901627,16,17360728
""Stanica Harcerska ""Nasz Dom"" w Słupii"",camp_site,52,97525268,19,57362212
Keja,camp_site,54,06601603,14,9678418
figlarnia,camp_site,54,40702201,17,24834588
Chałupy 6,camp_site,54,76196336,18,4979005
Albatros (Chałupy 5.5),camp_site,54,76367934,18,49325058
Ekolaguna,camp_site,54,76493826,18,4898823
Polaris,camp_site,54,76733515,18,48296961
Solar,camp_site,54,76977642,18,47723576
Chałupy 3,camp_site,54,77363617,18,46503898
Campus Domasławice,camp_site,51,40267694,17,52257796
OW Zacisze,camp_site,52,31859647,15,2876043
Pole namiotowo-campingowe SCKiW,camp_site,51,88097848,16,05792276
Woziwoda,camp_site,53,66953751,17,90673524
Echo,camp_site,50,60932461,22,96205305
Nad Pilicą,camp_site,50,97989398,19,83142318
",,,,,,
